CALOFZ02	Pseudomonadaceae
CALOGA02	Sphingomonadaceae
CALOGB02	Sphingomonadaceae
CALOGC02	Pseudomonadaceae
CALOGD02	Pseudomonadaceae
CALOGE02	Pseudomonadaceae
CALOGF02	Pseudomonadaceae
CALOGH02	Pseudomonadaceae
CALOGI02	Pseudomonadaceae
CALOGJ02	Pseudomonadaceae
CALOGK02	Sphingomonadaceae
CALOGL02	Pseudomonadaceae
CALOGM02	Sphingomonadaceae
CALOGN02	Sphingomonadaceae
CALOGO02	Pseudomonadaceae
CALOGP02	Sphingomonadaceae
CALOGQ02	Sphingomonadaceae
CALOGR02	Sphingomonadaceae
CALOGS02	Sphingomonadaceae
CALOGT02	Pseudomonadaceae
CALOGU02	Pseudomonadaceae
CALOGV02	Sphingomonadaceae
CALOGW02	Pseudomonadaceae
CALOGX02	Pseudomonadaceae
CALOGY02	Sphingomonadaceae
CALOGZ02	Pseudomonadaceae
CALOHA02	Pseudomonadaceae
CALOHB02	Pseudomonadaceae
CALOHC02	Sphingomonadaceae
CALOHD02	Pseudomonadaceae
CALOHE02	Sphingomonadaceae
CALOHF02	Sphingomonadaceae
CALOHG02	Sphingomonadaceae
CALOHH02	Sphingomonadaceae
CALOHI02	Pseudomonadaceae
CALOHJ02	Sphingomonadaceae
CALOHK02	Sphingomonadaceae
CALOHL02	Pseudomonadaceae
CALOHM02	Sphingomonadaceae
CALOHN02	Pseudomonadaceae
CALOHO02	Pseudomonadaceae
CALOHP02	Sphingomonadaceae
CALOHQ02	Sphingomonadaceae
CALOHR02	Sphingomonadaceae
CALOHS02	Pseudomonadaceae
CALOHT02	Sphingomonadaceae
CALOHU02	Sphingomonadaceae
CALOHV02	Pseudomonadaceae
CALOHW02	Pseudomonadaceae
CALOHX02	Pseudomonadaceae
CALOHY02	Sphingomonadaceae
CALOHZ02	Sphingomonadaceae
CALOIA02	Pseudomonadaceae
CALOIC02	Pseudomonadaceae
CALOID02	Pseudomonadaceae
CALOIE02	Pseudomonadaceae
CALOIF02	Pseudomonadaceae
CALOIG02	Pseudomonadaceae
CALOIH02	Sphingomonadaceae
CALOII02	Sphingomonadaceae
CALOIJ02	Pseudomonadaceae
CALOIL02	Pseudomonadaceae
CALOIM02	Pseudomonadaceae
CALOIO02	Pseudomonadaceae
CALOIP02	Sphingomonadaceae
CALOIQ02	Pseudomonadaceae
CALOIR02	Pseudomonadaceae
CALOIS02	Sphingomonadaceae
CALOIT02	Sphingomonadaceae
CALOIU02	Pseudomonadaceae
CALOIV02	Sphingomonadaceae
CALOIW02	Pseudomonadaceae
CALOIX02	Pseudomonadaceae
CALOIY02	Sphingomonadaceae
CALOIZ02	Pseudomonadaceae
CALOJA02	Pseudomonadaceae
CALOJB02	Pseudomonadaceae
CALOJC02	Sphingomonadaceae
CALOJE02	Sphingomonadaceae
CALOJF02	Sphingomonadaceae
CALOJG02	Pseudomonadaceae
CALOJH02	Pseudomonadaceae
CALOJI02	Sphingomonadaceae
CALOJJ02	Pseudomonadaceae
CALOJK02	Sphingomonadaceae
CALOJL02	Pseudomonadaceae
CALOJM02	Pseudomonadaceae
CALOJN02	Pseudomonadaceae
CALOJO02	Pseudomonadaceae
CALOJP02	Sphingomonadaceae
CALOJQ02	Sphingomonadaceae
CALOJR02	Pseudomonadaceae
CALOJS02	Pseudomonadaceae
CALOJT02	Sphingomonadaceae
CALOJU02	Pseudomonadaceae
CALOJV02	Pseudomonadaceae
CALOJW02	Sphingomonadaceae
CALOJX02	Pseudomonadaceae
CALOJY02	Pseudomonadaceae
CALOJZ02	Pseudomonadaceae
CALOKA02	Pseudomonadaceae
CALOKB02	Pseudomonadaceae
CALOKC02	Pseudomonadaceae
CALOKD02	Pseudomonadaceae
CALOKE02	Pseudomonadaceae
CALOKF02	Pseudomonadaceae
CALOKG02	Pseudomonadaceae
CALOKH02	Pseudomonadaceae
CALOKI02	Pseudomonadaceae
CALOKJ02	Sphingomonadaceae
CALOKK02	Pseudomonadaceae
CALOKL02	Xanthomonadaceae
CALOKM02	Pseudomonadaceae
CALOKN02	Pseudomonadaceae
CALOKO02	Pseudomonadaceae
CALOKP02	Pseudomonadaceae
CALOKQ02	Sphingomonadaceae
CALOKR02	Pseudomonadaceae
CALOKS02	Sphingomonadaceae
CALOKT02	Pseudomonadaceae
CALOKU02	Pseudomonadaceae
CALOKW02	Pseudomonadaceae
CALOKX02	Pseudomonadaceae
CALOKY02	Pseudomonadaceae
CALOKZ02	Pseudomonadaceae
CALOLA02	Pseudomonadaceae
CALOLB02	Pseudomonadaceae
CALOLC02	Sphingomonadaceae
CALOLD02	Sphingomonadaceae
CALOLE02	Sphingomonadaceae
CALOLF02	Pseudomonadaceae
CALOLG02	Sphingomonadaceae
CALOLH02	Pseudomonadaceae
CALOLI02	Pseudomonadaceae
CALOLJ02	Sphingomonadaceae
CALOLK02	Sphingomonadaceae
CALOLL02	Sphingomonadaceae
CALOLM02	Sphingomonadaceae
CALOLN02	Sphingomonadaceae
CALOLO02	Sphingomonadaceae
CALOLP02	Sphingomonadaceae
CALOLQ02	Sphingomonadaceae
CALOLR02	Pseudomonadaceae
CALOLS02	Pseudomonadaceae
CALOLT02	Pseudomonadaceae
CALOLU02	Pseudomonadaceae
CALOLV02	Pseudomonadaceae
CALOLW02	Pseudomonadaceae
CALOLX02	Pseudomonadaceae
CALOLZ02	Sphingomonadaceae
CALOMA02	Sphingomonadaceae
CALOMB02	Sphingomonadaceae
CALOMC02	Sphingomonadaceae
CALOMD02	Pseudomonadaceae
CALOME02	Sphingomonadaceae
CALOMF02	Sphingomonadaceae
CALOMG02	Sphingomonadaceae
CALOMH02	Sphingomonadaceae
CALOMI02	Sphingomonadaceae
CALOMJ02	Sphingomonadaceae
CALOMK02	Sphingomonadaceae
CALOML02	Sphingomonadaceae
CALOMM02	Sphingomonadaceae
CALOMN02	Sphingomonadaceae
CALOMO02	Sphingomonadaceae
CALOMP02	Sphingomonadaceae
CALOMQ02	Sphingomonadaceae
CALOMR02	Sphingomonadaceae
CALOMS02	Sphingomonadaceae
CALOMT02	Sphingomonadaceae
CALOMU02	Sphingomonadaceae
CALOMV02	Sphingomonadaceae
CALOMW02	Sphingomonadaceae
CALOMX02	Sphingomonadaceae
CALOMY02	Sphingomonadaceae
CALOMZ02	Sphingomonadaceae
CALONA02	Sphingomonadaceae
CALONB02	Sphingomonadaceae
CALONC02	Sphingomonadaceae
CALOND02	Sphingomonadaceae
CALONE02	Sphingomonadaceae
CALONF02	Sphingomonadaceae
CALONG02	Sphingomonadaceae
CALONH02	Sphingomonadaceae
CALONI02	Sphingomonadaceae
CALONJ02	Pseudomonadaceae
CALONK02	Pseudomonadaceae
CALONL02	Pseudomonadaceae
CALONM02	Sphingomonadaceae
CALONN02	Sphingomonadaceae
CALONO02	Sphingomonadaceae
CALONP02	Sphingomonadaceae
CALONQ02	Sphingomonadaceae
CALONR02	Sphingomonadaceae
CALONS01	Sphingomonadaceae
CALONT02	Sphingomonadaceae
CALONU01	Sphingomonadaceae
CALONV02	Sphingomonadaceae
CALONW01	Sphingomonadaceae
CALONX01	Sphingomonadaceae
CALONY02	Sphingomonadaceae
CALONZ02	Sphingomonadaceae
CALOOA01	Sphingomonadaceae
CALOOB01	Sphingomonadaceae
CALOOC02	Sphingomonadaceae
CALOOD02	Sphingomonadaceae
CALOOE02	Sphingomonadaceae
CALOOF02	Sphingomonadaceae
CALOOG01	Sphingomonadaceae
CALOOH01	Sphingomonadaceae
CALOOI01	Sphingomonadaceae
CALOOJ02	Sphingomonadaceae
CALOOK02	Sphingomonadaceae
CALOOL02	Sphingomonadaceae
CALOOM02	Sphingomonadaceae
CALOON02	Sphingomonadaceae
CALOOO01	Sphingomonadaceae
CALOOP01	Sphingomonadaceae
CALOOQ02	Sphingomonadaceae
CALOOR02	Sphingomonadaceae
CALOOS02	Sphingomonadaceae
CALOOT01	Sphingomonadaceae
CALOOU01	Sphingomonadaceae
CALOOV02	Sphingomonadaceae
CALOOW01	Sphingomonadaceae
CALOOX02	Sphingomonadaceae
CALOOY02	Sphingomonadaceae
CALOOZ02	Sphingomonadaceae
CALOPA02	Sphingomonadaceae
CALOPB02	Sphingomonadaceae
CALOPC01	Sphingomonadaceae
CALOPD02	Sphingomonadaceae
CALOPE01	Sphingomonadaceae
CALOPF02	Sphingomonadaceae
CALOPG02	Sphingomonadaceae
CALOPH02	Sphingomonadaceae
CALOPI01	Sphingomonadaceae
CALOPJ01	Sphingomonadaceae
CALOPK02	Sphingomonadaceae
CALOPL01	Sphingomonadaceae
CALOPM02	Sphingomonadaceae
CALOPN02	Sphingomonadaceae
CALOPO02	Sphingomonadaceae
CALOPP01	Sphingomonadaceae
CALOPQ01	Sphingomonadaceae
CALOPR01	Sphingomonadaceae
CALOPS01	Sphingomonadaceae
CALOPT02	Sphingomonadaceae
CALOPU01	Sphingomonadaceae
CALOPV01	Sphingomonadaceae
CALOPW02	Sphingomonadaceae
CALOPX01	Sphingomonadaceae
CALOPY01	Sphingomonadaceae
CALOPZ02	Sphingomonadaceae
CALOQA01	Sphingomonadaceae
CALOQB02	Sphingomonadaceae
CALOQC02	Sphingomonadaceae
CALOQD02	Sphingomonadaceae
CALOQE02	Sphingomonadaceae
CALOQF01	Sphingomonadaceae
CALOQG01	Sphingomonadaceae
CALOQH01	Sphingomonadaceae
CALOQI02	Sphingomonadaceae
CALOQJ02	Sphingomonadaceae
CALOQK01	Sphingomonadaceae
CALOQL01	Sphingomonadaceae
CALOQM01	Sphingomonadaceae
CALOQN01	Sphingomonadaceae
CALOQO02	Sphingomonadaceae
CALOQP02	Sphingomonadaceae
CALOQQ01	Sphingomonadaceae
CALOQR01	Sphingomonadaceae
CALOQS02	Sphingomonadaceae
CALOQT01	Sphingomonadaceae
CALOQU01	Sphingomonadaceae
CALOQV02	Sphingomonadaceae
CALOQW02	Sphingomonadaceae
CALOQX02	Sphingomonadaceae
CALOQY02	Sphingomonadaceae
CALOQZ02	Sphingomonadaceae
CALORA02	Sphingomonadaceae
CALORB02	Sphingomonadaceae
CALORC02	Sphingomonadaceae
CALORD02	Sphingomonadaceae
CALORE02	Sphingomonadaceae
CALORF02	Sphingomonadaceae
CALORG02	Sphingomonadaceae
CALORH02	Sphingomonadaceae
CALORI01	Sphingomonadaceae
CALORJ02	Sphingomonadaceae
CALORK02	Sphingomonadaceae
CALORL01	Sphingomonadaceae
CALORM02	Sphingomonadaceae
CALORN02	Sphingomonadaceae
CALORO02	Sphingomonadaceae
CALORP02	Sphingomonadaceae
CALORQ01	Sphingomonadaceae
CALORR02	Sphingomonadaceae
CALORS01	Sphingomonadaceae
CALORT01	Sphingomonadaceae
CALORU01	Sphingomonadaceae
CALORV01	Sphingomonadaceae
CALORW02	Sphingomonadaceae
CALORX02	Sphingomonadaceae
CALORY01	Sphingomonadaceae
CALORZ02	Sphingomonadaceae
CALOSA02	Sphingomonadaceae
CALOSB02	Sphingomonadaceae
CALOSC01	Sphingomonadaceae
CALOSD01	Sphingomonadaceae
CALOSE02	Sphingomonadaceae
CALOSF02	Sphingomonadaceae
CALOSG02	Sphingomonadaceae
CALOSH01	Sphingomonadaceae
CALOSI01	Sphingomonadaceae
CALOSJ02	Sphingomonadaceae
CALOSK02	Sphingomonadaceae
CALOSL02	Sphingomonadaceae
CALOSM01	Sphingomonadaceae
CALOSN02	Sphingomonadaceae
CALOSO02	Sphingomonadaceae
CALOSP01	Sphingomonadaceae
CALOSQ01	Sphingomonadaceae
CALOSR02	Sphingomonadaceae
CALOSS01	Sphingomonadaceae
CALOST01	Sphingomonadaceae
CALOSU01	Sphingomonadaceae
CALOSV01	Sphingomonadaceae
CALOSW02	Sphingomonadaceae
CALOSX02	Sphingomonadaceae
CALOSY02	Sphingomonadaceae
CALOSZ02	Sphingomonadaceae
CALOTA02	Sphingomonadaceae
CALOTB02	Sphingomonadaceae
CALOTC02	Sphingomonadaceae
CALOTD02	Sphingomonadaceae
CALOTE02	Sphingomonadaceae
CALOTF02	Sphingomonadaceae
CALOTG02	Sphingomonadaceae
CALOTH01	Sphingomonadaceae
CALOTI02	Sphingomonadaceae
CALOTJ01	Sphingomonadaceae
CALOTK02	Sphingomonadaceae
CALOTL02	Sphingomonadaceae
CALOTM02	Sphingomonadaceae
CALOTN02	Sphingomonadaceae
CALOTO02	Sphingomonadaceae
CALOTP01	Sphingomonadaceae
CALOTQ02	Sphingomonadaceae
CALOTR01	Sphingomonadaceae
CALOTS02	Sphingomonadaceae
CALOTT01	Sphingomonadaceae
CALOTU01	Sphingomonadaceae
CALOTV01	Sphingomonadaceae
CALOTW02	Sphingomonadaceae
CALOTX02	Sphingomonadaceae
CALOTY01	Sphingomonadaceae
CALOTZ02	Sphingomonadaceae
CALOUA01	Sphingomonadaceae
CALOUB01	Sphingomonadaceae
CALOUC01	Sphingomonadaceae
CALOUD01	Sphingomonadaceae
CALOUE01	Sphingomonadaceae
CALOUF01	Sphingomonadaceae
CALOUG01	Sphingomonadaceae
CALOUH01	Sphingomonadaceae
CALOUI01	Sphingomonadaceae
CALOUJ01	Sphingomonadaceae
CALOUK02	Sphingomonadaceae
CALOUL01	Sphingomonadaceae
CALOUM02	Sphingomonadaceae
CALOUN02	Sphingomonadaceae
CALOUO02	Sphingomonadaceae
CALOUP02	Sphingomonadaceae
CALOUQ02	Sphingomonadaceae
CALOUR02	Sphingomonadaceae
CALOUS02	Sphingomonadaceae
CALOUT01	Sphingomonadaceae
CALOUU01	Sphingomonadaceae
CALOUV01	Sphingomonadaceae
CALOUW01	Sphingomonadaceae
CALOUX01	Sphingomonadaceae
CALOUY02	Sphingomonadaceae
CALOUZ01	Sphingomonadaceae
CALOVA02	Sphingomonadaceae
CALOVB02	Sphingomonadaceae
CALOVC01	Sphingomonadaceae
CALOVD02	Sphingomonadaceae
CALOVE02	Sphingomonadaceae
CALOVF02	Sphingomonadaceae
CALOVG02	Sphingomonadaceae
CALOVH02	Sphingomonadaceae
CALOVI02	Sphingomonadaceae
CALOVJ02	Sphingomonadaceae
CALOVK02	Sphingomonadaceae
CALOVL02	Sphingomonadaceae
CALOVM02	Sphingomonadaceae
CALOVN02	Sphingomonadaceae
CALOVO02	Sphingomonadaceae
CALOVP02	Sphingomonadaceae
CALOVQ02	Sphingomonadaceae
CALOVR02	Sphingomonadaceae
CALOVS02	Sphingomonadaceae
CALOVT02	Sphingomonadaceae
CALOVU02	Sphingomonadaceae
CALOVV01	Sphingomonadaceae
CALOVW01	Sphingomonadaceae
CALOVX01	Sphingomonadaceae
CALOVY01	Sphingomonadaceae
CALOVZ01	Sphingomonadaceae
CALOWA02	Sphingomonadaceae
CALOWB01	Sphingomonadaceae
CALOWC02	Sphingomonadaceae
CALOWD01	Sphingomonadaceae
CALOWE01	Sphingomonadaceae
CALOWF02	Sphingomonadaceae
CALOWG01	Sphingomonadaceae
CALOWH02	Sphingomonadaceae
CALOWI02	Sphingomonadaceae
CALOWJ02	Sphingomonadaceae
CALOWK02	Sphingomonadaceae
CALOWL02	Sphingomonadaceae
CALOWM02	Sphingomonadaceae
CALOWN02	Sphingomonadaceae
CALOWO02	Sphingomonadaceae
CALOWP02	Sphingomonadaceae
CALOWQ02	Sphingomonadaceae
CALOWR02	Sphingomonadaceae
CALOWS02	Sphingomonadaceae
CALOWT02	Sphingomonadaceae
CALOWU02	Sphingomonadaceae
CALOWV02	Sphingomonadaceae
CALOWW01	Sphingomonadaceae
CALOWX01	Sphingomonadaceae
CALOWY01	Sphingomonadaceae
CALOWZ01	Sphingomonadaceae
CALOXA01	Sphingomonadaceae
CALOXB01	Sphingomonadaceae
CALOXC02	Sphingomonadaceae
CALOXD01	Sphingomonadaceae
CALOXE02	Sphingomonadaceae
CALOXF02	Sphingomonadaceae
CALOXG02	Sphingomonadaceae
CALOXH02	Sphingomonadaceae
CALOXI02	Sphingomonadaceae
CALOXJ02	Sphingomonadaceae
CALOXK01	Sphingomonadaceae
CALOXL01	Sphingomonadaceae
CALOXM01	Sphingomonadaceae
CALOXN01	Sphingomonadaceae
CALOXO02	Sphingomonadaceae
CALOXP02	Sphingomonadaceae
CALOXQ01	Sphingomonadaceae
CALOXR02	Sphingomonadaceae
CALOXS01	Sphingomonadaceae
CALOXT01	Sphingomonadaceae
CALOXU02	Sphingomonadaceae
CALOXV01	Sphingomonadaceae
CALOXW01	Sphingomonadaceae
CALOXX01	Sphingomonadaceae
CALOXY01	Sphingomonadaceae
CALOXZ01	Sphingomonadaceae
CALOYA01	Sphingomonadaceae
CALOYB01	Sphingomonadaceae
CALOYC01	Sphingomonadaceae
CALOYD02	Sphingomonadaceae
CALOYE02	Sphingomonadaceae
CALOYF02	Sphingomonadaceae
CALOYG02	Sphingomonadaceae
CALOYH02	Sphingomonadaceae
CALOYI01	Sphingomonadaceae
CALOYJ02	Sphingomonadaceae
CALOYK02	Sphingomonadaceae
CALOYL02	Sphingomonadaceae
CALOYM02	Sphingomonadaceae
CALOYN02	Sphingomonadaceae
CALOYO02	Sphingomonadaceae
CALOYP02	Sphingomonadaceae
CALOYQ02	Sphingomonadaceae
CALOYR02	Sphingomonadaceae
CALOYS02	Sphingomonadaceae
CALOYT02	Sphingomonadaceae
CALOYU02	Sphingomonadaceae
CALOYV02	Sphingomonadaceae
CALOYW02	Sphingomonadaceae
CALOYX01	Sphingomonadaceae
CALOYY01	Sphingomonadaceae
CALOYZ02	Sphingomonadaceae
CALOZA02	Sphingomonadaceae
CALOZB02	Sphingomonadaceae
CALOZC01	Sphingomonadaceae
CALOZD01	Sphingomonadaceae
CALOZE01	Sphingomonadaceae
CALOZF01	Sphingomonadaceae
CALSFC01	Sphingomonadaceae
CALSFD01	Sphingomonadaceae
CALSFE01	Sphingomonadaceae
CALSFF01	Sphingomonadaceae
CALSFG01	Sphingomonadaceae
CALSFI01	Sphingomonadaceae
CALSFJ01	Sphingomonadaceae
CALSFK01	Sphingomonadaceae
CALSFL01	Sphingomonadaceae
CALSFM01	Sphingomonadaceae
CALSFN01	Sphingomonadaceae
GCA_000179935	Lactobacillaceae
GCA_000179955	Lactobacillaceae
GCA_000179975	Lactobacillaceae
GCA_000179995	Lactobacillaceae
GCA_001422265	Beijerinckiaceae
GCA_001422305	Beijerinckiaceae
GCA_001422565	Enterobacteriaceae
GCA_001422935	Beijerinckiaceae
GCA_001423025	Beijerinckiaceae
GCA_001423385	Beijerinckiaceae
GCA_001426805	Caulobacteraceae
GCA_001427685	Caulobacteraceae
GCA_001429255	Cellulomonadaceae
GCA_001623385	Acholeplasmataceae
GCA_003160765	Rhizobiaceae_A
GCA_003367665	Microbacteriaceae
GCA_004143925	V1-33
GCA_004143935	unclassified
GCA_004143945	Rhodanobacteraceae
GCA_004143955	Akkermansiaceae
GCA_004143965	Sphingomonadaceae
GCA_004144025	Akkermansiaceae
GCA_004144035	unclassified
GCA_004144045	Sphingomonadaceae
GCA_004144085	Akkermansiaceae
GCA_004144095	Chthoniobacteraceae
GCA_004144105	Sphingomonadaceae
GCA_004144115	Akkermansiaceae
GCA_004144165	CAILMK01
GCA_004144175	Chitinophagaceae
GCA_004144185	Chitinophagaceae
GCA_004144195	Sphingomonadaceae
GCA_004144245	Sphingobacteriaceae
GCA_004144265	unclassified
GCA_004144275	Chitinophagaceae
GCA_004144285	Sphingobacteriaceae
GCA_004144295	Chitinophagaceae
GCA_004144345	Devosiaceae
GCA_004144365	Chitinophagaceae
GCA_004144375	Rickettsiaceae
GCA_004144385	Devosiaceae
GCA_004144415	Burkholderiaceae
GCA_004144425	Sphingobacteriaceae
GCA_004144435	Rhizobiaceae
GCA_004144445	unclassified
GCA_004144505	Sphingomonadaceae
GCA_004144515	unclassified
GCA_004144525	Burkholderiaceae
GCA_004144535	Polyangiaceae
GCA_004144565	
GCA_004144595	Beijerinckiaceae
GCA_004144615	Devosiaceae
GCA_004144635	Devosiaceae
GCA_004144655	Devosiaceae
GCA_004144695	Burkholderiaceae
GCA_004144705	Burkholderiaceae
GCA_004144745	Burkholderiaceae
GCA_004144755	Devosiaceae
GCA_004144765	Burkholderiaceae
GCA_004144775	Spirosomaceae
GCA_004144785	JABJBS01
GCA_004144845	Burkholderiaceae
GCA_004144855	Hymenobacteraceae
GCA_004144865	Burkholderiaceae
GCA_004144875	Burkholderiaceae
GCA_004144925	Burkholderiaceae
GCA_004144935	Caulobacteraceae
GCA_004144945	Burkholderiaceae
GCA_004145005	Burkholderiaceae
GCA_004145015	Burkholderiaceae
GCA_004145025	Chitinophagaceae
GCA_004145035	Sphingobacteriaceae
GCA_004145065	unclassified
GCA_004145105	Caulobacteraceae
GCA_004145115	Sphingobacteriaceae
GCA_004145145	Sphingomonadaceae
GCA_004145155	Devosiaceae
GCA_004145185	Spirosomaceae
GCA_004145195	Burkholderiaceae
GCA_004145215	UBA1547
GCA_004145245	Chitinophagaceae
GCA_004145255	Chitinophagaceae
GCA_004145305	Fimbriimonadaceae
GCA_004145315	Fimbriimonadaceae
GCA_004145325	Fimbriimonadaceae
GCA_004145445	Burkholderiaceae
GCA_004145455	Hyphomonadaceae
GCA_004145465	Chitinophagaceae
GCA_004145475	Chitinophagaceae
GCA_004145485	Burkholderiaceae
GCA_004145545	
GCA_004145565	unclassified
GCA_004145575	
GCA_004145975	Rhodobacteraceae
GCA_004145985	Abditibacteriaceae
GCA_004145995	Caulobacteraceae
GCA_004146005	Nocardioidaceae
GCA_004146305	Burkholderiaceae
GCA_004172845	Sphingobacteriaceae
GCA_004172855	unclassified
GCA_004172865	Cellvibrionaceae
GCA_004172875	unclassified
GCA_004172925	Burkholderiaceae
GCA_004172935	Abditibacteriaceae
GCA_004172945	Chitinophagaceae
GCA_004172975	JACMQJ01
GCA_004172995	UBA1547
GCA_004173045	unclassified
GCA_004173055	unclassified
GCA_004173075	Acetobacteraceae
GCA_004173095	Xanthobacteraceae
GCA_004173115	unclassified
GCA_004173145	unclassified
GCA_004173165	Burkholderiaceae
GCA_004173175	Sphingomonadaceae
GCA_004173185	Sphingomonadaceae
GCA_004173235	Chitinophagaceae
GCA_004173255	Chitinophagaceae
GCA_004173295	Nocardioidaceae
GCA_004173315	unclassified
GCA_004173335	Chitinophagaceae
GCA_004173355	Chitinophagaceae
GCA_004173415	Xanthomonadaceae
GCA_004173425	CAIPTA01
GCA_004173435	Bdellovibrionaceae
GCA_004173455	Moraxellaceae
GCA_004173475	Cellvibrionaceae
GCA_004173495	Chitinophagaceae
GCA_004173515	Myxococcaceae
GCA_004173525	Chitinophagaceae
GCA_004173555	Chitinophagaceae
GCA_004173805	unclassified
GCA_004173825	Propionibacteriaceae
GCA_004173845	Chitinophagaceae
GCA_004173865	Chitinophagaceae
GCA_004173885	Myxococcaceae
GCA_004173895	Hyphomonadaceae
GCA_004173945	Burkholderiaceae
GCA_004174535	Xanthomonadaceae
GCA_004174545	Chitinophagaceae
GCA_004174565	
GCA_004174575	Bdellovibrionaceae
GCA_004174595	Pseudomonadaceae
GCA_004174635	Chitinophagaceae
GCA_004176075	Oligoflexaceae
GCA_004176105	Sphingobacteriaceae
GCA_004193255	Chitinophagaceae
GCA_004193265	Moraxellaceae
GCA_004193275	
GCA_004193285	Polyangiaceae
GCA_004193315	Polyangiaceae
GCA_004193325	Oligoflexaceae
GCA_004193375	Xanthomonadaceae
GCA_004193395	Sphingobacteriaceae
GCA_004193435	Acetobacteraceae
GCA_004193445	UBA6156
GCA_004193475	Chitinophagaceae
GCA_004193485	Burkholderiaceae
GCA_004193515	Sphingobacteriaceae
GCA_004193535	Sphingomonadaceae
GCA_004210345	Burkholderiaceae
GCA_004210365	Burkholderiaceae
GCA_004210385	unclassified
GCA_004210425	Pseudomonadaceae
GCA_004210455	Burkholderiaceae
GCA_004210465	Microbacteriaceae
GCA_004210485	unclassified
GCA_004210495	Pseudomonadaceae
GCA_004210515	Pseudomonadaceae
GCA_004210565	Burkholderiaceae
GCA_004210575	Pseudomonadaceae
GCA_004210585	Burkholderiaceae
GCA_004210595	Burkholderiaceae
GCA_004210645	Burkholderiaceae
GCA_004210695	Moraxellaceae
GCA_004210715	Sphingobacteriaceae
GCA_004210735	Caulobacteraceae
GCA_004210755	Caulobacteraceae
GCA_004210765	Mycobacteriaceae
GCA_004210795	Caulobacteraceae
GCA_004210805	Burkholderiaceae
GCA_004210835	Hymenobacteraceae
GCA_004210845	Flavobacteriaceae
GCA_004210875	Sphingobacteriaceae
GCA_004210885	Flavobacteriaceae
GCA_004210915	Burkholderiaceae
GCA_004210935	Sphingomonadaceae
GCA_004210945	Sphingobacteriaceae
GCA_004210965	Burkholderiaceae
GCA_004210995	Burkholderiaceae
GCA_004211015	Sphingobacteriaceae
GCA_004211035	Weeksellaceae
GCA_004211055	unclassified
GCA_004211075	unclassified
GCA_004211085	Hymenobacteraceae
GCA_004211105	Hymenobacteraceae
GCA_004211115	Flavobacteriaceae
GCA_004211145	Flavobacteriaceae
GCA_004211175	Caulobacteraceae
GCA_004211185	Burkholderiaceae
GCA_004211195	Caulobacteraceae
GCA_004211235	Burkholderiaceae
GCA_004211245	Burkholderiaceae
GCA_004211255	Mycobacteriaceae
GCA_004211295	Burkholderiaceae
GCA_004211305	Burkholderiaceae
GCA_004211335	Burkholderiaceae
GCA_004211355	Burkholderiaceae
GCA_004211375	unclassified
GCA_004211385	Sphingobacteriaceae
GCA_004211415	Sphingobacteriaceae
GCA_004211435	Sphingomonadaceae
GCA_004211455	unclassified
GCA_004211465	Sphingobacteriaceae
GCA_004211475	Sphingobacteriaceae
GCA_004211485	Sphingobacteriaceae
GCA_004211555	Sphingobacteriaceae
GCA_004211575	Mycobacteriaceae
GCA_004211585	Burkholderiaceae
GCA_004211595	Sphingobacteriaceae
GCA_004211635	Hymenobacteraceae
GCA_004211655	Sphingomonadaceae
GCA_004211675	Hymenobacteraceae
GCA_004211695	Mycobacteriaceae
GCA_004211705	Mycobacteriaceae
GCA_004211745	Mycobacteriaceae
GCA_004295745	Caulobacteraceae
GCA_004295765	Caulobacteraceae
GCA_004295775	Flavobacteriaceae
GCA_004295795	Flavobacteriaceae
GCA_004295825	Burkholderiaceae
GCA_004295855	Enterobacteriaceae
GCA_004295875	Beijerinckiaceae
GCA_004295885	Sphingobacteriaceae
GCA_004295895	Sphingobacteriaceae
GCA_004295935	Sphingobacteriaceae
GCA_004295955	Sphingobacteriaceae
GCA_004295975	Sphingobacteriaceae
GCA_004295995	Mycobacteriaceae
GCA_004296005	unclassified
GCA_004296035	Sphingomonadaceae
GCA_004296055	Sphingomonadaceae
GCA_004296065	Burkholderiaceae
GCA_004296095	Burkholderiaceae
GCA_004296115	unclassified
GCA_004296125	Weeksellaceae
GCA_004296135	Sphingobacteriaceae
GCA_004296145	Flavobacteriaceae
GCA_004296155	Hymenobacteraceae
GCA_004296215	Sphingomonadaceae
GCA_004296235	Burkholderiaceae
GCA_010677205	Enterobacteriaceae
GCA_010677265	Xanthomonadaceae
GCA_010677275	Xanthomonadaceae
GCA_010682085	Xanthomonadaceae
GCA_010682145	Xanthomonadaceae
GCA_010686825	Xanthomonadaceae
GCA_010686845	Xanthomonadaceae
GCA_010686865	Xanthomonadaceae
GCA_010686885	Xanthomonadaceae
GCA_010686895	Xanthomonadaceae
GCA_010686925	Xanthomonadaceae
GCA_010686935	Xanthomonadaceae
GCA_010686965	Xanthomonadaceae
GCA_010686975	Xanthomonadaceae
GCA_014802745	Baltobacteraceae
GCA_014802785	Baltobacteraceae
GCA_014802795	Baltobacteraceae
GCA_019061405	Anaplasmataceae
GCA_019434335	Xanthomonadaceae
GCA_019468145	Rickettsiaceae
GCA_019695455	Beijerinckiaceae
GCA_019695475	Propionibacteriaceae
GCA_019695515	Propionibacteriaceae
GCA_019695555	Beijerinckiaceae
GCA_019781255	Mycobacteriaceae
GCA_019781905	Mycobacteriaceae
GCA_019783405	Mycobacteriaceae
GCA_019783425	Mycobacteriaceae
GCA_019783595	Mycobacteriaceae
GCA_022343605	Acholeplasmataceae
GCA_022343665	unclassified
GCA_022701475	Weeksellaceae
GCA_022701515	Mycobacteriaceae
GCA_022701545	Weeksellaceae
GCA_022701555	Sphingomonadaceae
GCA_022701585	Pseudomonadaceae
GCA_022701605	Sphingomonadaceae
GCA_022701625	Pseudomonadaceae
GCA_022701635	Burkholderiaceae
GCA_022701665	Sphingomonadaceae
GCA_022701685	Enterobacteriaceae
GCA_022701705	Quadrisphaeraceae
GCA_022701725	Pseudomonadaceae
GCA_022701745	Burkholderiaceae
GCA_022701765	Sphingobacteriaceae
GCA_022701785	Sphingomonadaceae
GCA_022701805	Nocardioidaceae
GCA_022701825	Hymenobacteraceae
GCA_022701845	Burkholderiaceae
GCA_022701865	Beijerinckiaceae
GCA_022701875	Quadrisphaeraceae
GCA_022701905	Beijerinckiaceae
GCA_022701925	Microbacteriaceae
GCA_022701945	Burkholderiaceae
GCA_022701965	Burkholderiaceae
GCA_022701985	Quadrisphaeraceae
GCA_022702005	Sphingomonadaceae
GCA_022702015	Beijerinckiaceae
GCA_022702045	Spirosomaceae
GCA_022702065	Beijerinckiaceae
GCA_022702085	Rickettsiaceae
GCA_022702115	Beijerinckiaceae
GCA_022702125	Burkholderiaceae
GCA_022702145	Rickettsiaceae
GCA_022702185	Beijerinckiaceae
GCA_022702195	Beijerinckiaceae
GCA_022702225	Microbacteriaceae
GCA_022702245	Beijerinckiaceae
GCA_022702255	Sphingomonadaceae
GCA_022702305	Microbacteriaceae
GCA_022702315	Spirosomaceae
GCA_022869185	unclassified
GCA_024707075	Xanthobacteraceae
GCA_024707105	Devosiaceae
GCA_024707125	Devosiaceae
GCA_024707145	Magnetospirillaceae
GCA_024707165	Cellulomonadaceae
GCA_024707175	Rhodocyclaceae
GCA_025938115	Rhizobiaceae_A
GCA_026245965	unclassified
GCA_026245975	unclassified
GCA_026245995	Acholeplasmataceae
GCA_026246085	Enterobacteriaceae
GCF_000092245	Arcobacteraceae
GCF_000237025	Xanthomonadaceae
GCF_000247475	Rhizobiaceae
GCF_000259405	Bacillaceae
GCF_000266025	Xanthomonadaceae
GCF_000282675	Enterobacteriaceae
GCF_000282695	Enterobacteriaceae
GCF_000291725	Enterobacteriaceae
GCF_000300415	Burkholderiaceae
GCF_000300435	Burkholderiaceae
GCF_000300455	Enterobacteriaceae
GCF_000376745	Xanthomonadaceae
GCF_000389755	Enterobacteriaceae
GCF_000409875	Lactobacillaceae
GCF_000410035	Lactobacillaceae
GCF_000410295	Lactobacillaceae
GCF_000410335	Lactobacillaceae
GCF_000427015	Enterobacteriaceae
GCF_000442535	Paenibacillaceae
GCF_000474655	Enterobacteriaceae
GCF_000515295	Enterobacteriaceae
GCF_000520875	Rhizobiaceae
GCF_000583065	Bacillaceae
GCF_000597925	Pseudomonadaceae
GCF_000604305	Helicobacteraceae
GCF_000654575	Mycobacteriaceae
GCF_000654935	Mycobacteriaceae
GCF_000656815	Mycobacteriaceae
GCF_000661955	Xanthomonadaceae
GCF_000725365	Amphibacillaceae
GCF_000730305	Xanthomonadaceae
GCF_000762975	Enterobacteriaceae
GCF_000764535	Sphingomonadaceae
GCF_000765305	Pseudomonadaceae
GCF_000766045	Enterobacteriaceae
GCF_000774145	Pseudomonadaceae
GCF_000783395	Pseudomonadaceae
GCF_000785455	Paenibacillaceae
GCF_000802325	Xanthomonadaceae
GCF_000802345	Xanthomonadaceae
GCF_000802405	Xanthomonadaceae
GCF_000803145	Xanthomonadaceae
GCF_000825225	Xanthomonadaceae
GCF_000825265	Xanthomonadaceae
GCF_000825285	Xanthomonadaceae
GCF_000825305	Xanthomonadaceae
GCF_000828055	Enterobacteriaceae
GCF_000829375	Weeksellaceae
GCF_000829415	Pseudomonadaceae
GCF_000831625	Xanthomonadaceae
GCF_000834175	Microbacteriaceae
GCF_000834535	Microbacteriaceae
GCF_000834545	Pseudomonadaceae
GCF_000834555	Pseudomonadaceae
GCF_000834565	Mycobacteriaceae
GCF_000834615	Pseudomonadaceae
GCF_000834635	Rhizobiaceae
GCF_000834655	Burkholderiaceae
GCF_000834675	Xanthomonadaceae
GCF_000834695	Pseudomonadaceae
GCF_000834715	Flavobacteriaceae
GCF_000878135	Microbacteriaceae
GCF_000950845	Xanthomonadaceae
GCF_000950855	Xanthomonadaceae
GCF_000950875	Xanthomonadaceae
GCF_000955925	Paenibacillaceae
GCF_000958895	Enterobacteriaceae
GCF_000959725	Burkholderiaceae
GCF_000959965	Streptococcaceae
GCF_000961155	Xanthomonadaceae
GCF_000961175	Xanthomonadaceae
GCF_000961215	Xanthomonadaceae
GCF_000961235	Xanthomonadaceae
GCF_000961255	Xanthomonadaceae
GCF_000961295	Xanthomonadaceae
GCF_000961315	Xanthomonadaceae
GCF_000961335	Xanthomonadaceae
GCF_000961375	Xanthomonadaceae
GCF_000961395	Xanthomonadaceae
GCF_000961455	Xanthomonadaceae
GCF_000962915	Xanthomonadaceae
GCF_000962925	Xanthomonadaceae
GCF_000962935	Xanthomonadaceae
GCF_000962945	Xanthomonadaceae
GCF_000962995	Xanthomonadaceae
GCF_000963025	Xanthomonadaceae
GCF_000963055	Xanthomonadaceae
GCF_000963065	Xanthomonadaceae
GCF_000963075	Xanthomonadaceae
GCF_000963115	Xanthomonadaceae
GCF_000963135	Xanthomonadaceae
GCF_000963195	Xanthomonadaceae
GCF_000972145	Vibrionaceae
GCF_001009285	Xanthomonadaceae
GCF_001009315	Xanthomonadaceae
GCF_001009325	Xanthomonadaceae
GCF_001009365	Xanthomonadaceae
GCF_001009385	Xanthomonadaceae
GCF_001009395	Xanthomonadaceae
GCF_001009405	Xanthomonadaceae
GCF_001009445	Xanthomonadaceae
GCF_001009465	Xanthomonadaceae
GCF_001009475	Xanthomonadaceae
GCF_001009525	Xanthomonadaceae
GCF_001009535	Xanthomonadaceae
GCF_001009545	Xanthomonadaceae
GCF_001009585	Xanthomonadaceae
GCF_001009605	Xanthomonadaceae
GCF_001009615	Xanthomonadaceae
GCF_001009625	Xanthomonadaceae
GCF_001009665	Xanthomonadaceae
GCF_001009675	Xanthomonadaceae
GCF_001009685	Xanthomonadaceae
GCF_001009705	Xanthomonadaceae
GCF_001009745	Xanthomonadaceae
GCF_001009765	Xanthomonadaceae
GCF_001009795	Xanthomonadaceae
GCF_001009825	Xanthomonadaceae
GCF_001009845	Xanthomonadaceae
GCF_001009855	Xanthomonadaceae
GCF_001009925	Xanthomonadaceae
GCF_001009935	Xanthomonadaceae
GCF_001009945	Xanthomonadaceae
GCF_001009955	Xanthomonadaceae
GCF_001010005	Xanthomonadaceae
GCF_001010015	Xanthomonadaceae
GCF_001010025	Xanthomonadaceae
GCF_001010035	Xanthomonadaceae
GCF_001010085	Xanthomonadaceae
GCF_001010105	Xanthomonadaceae
GCF_001017635	Bacillaceae_G
GCF_001021915	Xanthomonadaceae
GCF_001029855	DSM-18226
GCF_001029865	Bacillaceae
GCF_001029885	Bacillaceae_H
GCF_001038695	Bacillaceae_B
GCF_001038745	Burkholderiaceae
GCF_001038755	DSM-18226
GCF_001038765	Bacillaceae
GCF_001038775	Bacillaceae
GCF_001038825	Aeromonadaceae
GCF_001038835	Burkholderiaceae
GCF_001038845	Bacillaceae
GCF_001038855	Bacillaceae_B
GCF_001038915	Bacillaceae
GCF_001038925	Enterobacteriaceae
GCF_001038965	Bacillaceae_H
GCF_001038985	Bacillaceae_B
GCF_001039005	Burkholderiaceae
GCF_001039015	Bacillaceae
GCF_001043515	Bacillaceae
GCF_001043535	Bacillaceae
GCF_001043555	Chromobacteriaceae
GCF_001043575	Bacillaceae_G
GCF_001043595	Chromobacteriaceae
GCF_001043635	Enterobacteriaceae
GCF_001043655	Bacillaceae_G
GCF_001043675	Planococcaceae
GCF_001043705	Chromobacteriaceae
GCF_001043735	Chromobacteriaceae
GCF_001043755	Chromobacteriaceae
GCF_001043765	Bacillaceae
GCF_001043815	Chromobacteriaceae
GCF_001043825	Bacillaceae_H
GCF_001043875	Beijerinckiaceae
GCF_001043885	Beijerinckiaceae
GCF_001043895	Beijerinckiaceae
GCF_001187865	Enterobacteriaceae
GCF_001187875	Pseudomonadaceae
GCF_001187905	Enterobacteriaceae
GCF_001187915	Micrococcaceae
GCF_001264265	Xanthomonadaceae
GCF_001264275	Xanthomonadaceae
GCF_001264285	Xanthomonadaceae
GCF_001264345	Xanthomonadaceae
GCF_001264355	Xanthomonadaceae
GCF_001264385	Xanthomonadaceae
GCF_001264395	Enterobacteriaceae
GCF_001264425	Xanthomonadaceae
GCF_001264435	Xanthomonadaceae
GCF_001264465	Xanthomonadaceae
GCF_001266515	Xanthomonadaceae
GCF_001266525	Xanthomonadaceae
GCF_001266535	Xanthomonadaceae
GCF_001275725	Pseudomonadaceae
GCF_001275735	Pseudomonadaceae
GCF_001277095	Xanthomonadaceae
GCF_001277135	Acholeplasmataceae
GCF_001278635	Bacillaceae
GCF_001282395	Burkholderiaceae
GCF_001293445	Xanthomonadaceae
GCF_001297015	Pseudomonadaceae
GCF_001297065	Enterococcaceae
GCF_001297075	Pseudomonadaceae
GCF_001297105	Staphylococcaceae
GCF_001297125	Pseudomonadaceae
GCF_001297205	Microbacteriaceae
GCF_001297215	Pseudomonadaceae
GCF_001306465	Frankiaceae
GCF_001306955	Xanthomonadaceae
GCF_001306965	Xanthomonadaceae
GCF_001315015	Azospirillaceae
GCF_001401255	Pseudomonadaceae
GCF_001421165	Microbacteriaceae
GCF_001421235	Rhizobiaceae
GCF_001421245	Sphingomonadaceae
GCF_001421275	Microbacteriaceae
GCF_001421285	Sphingomonadaceae
GCF_001421315	Microbacteriaceae
GCF_001421325	Sphingomonadaceae
GCF_001421405	Sphingomonadaceae
GCF_001421415	Sphingomonadaceae
GCF_001421425	Pseudomonadaceae
GCF_001421435	Weeksellaceae
GCF_001421485	Microbacteriaceae
GCF_001421505	Sphingomonadaceae
GCF_001421515	Sphingobacteriaceae
GCF_001421535	Sphingomonadaceae
GCF_001421565	Microbacteriaceae
GCF_001421585	Sphingomonadaceae
GCF_001421605	Sphingomonadaceae
GCF_001421625	Sphingomonadaceae
GCF_001421635	Sphingomonadaceae
GCF_001421685	Sphingomonadaceae
GCF_001421705	Burkholderiaceae
GCF_001421715	Sphingomonadaceae
GCF_001421745	Sphingomonadaceae
GCF_001421785	Sphingomonadaceae
GCF_001421805	Sphingomonadaceae
GCF_001421825	Sphingomonadaceae
GCF_001421845	Sphingomonadaceae
GCF_001421865	Microbacteriaceae
GCF_001421885	Pseudomonadaceae
GCF_001421905	Burkholderiaceae
GCF_001421915	Sphingomonadaceae
GCF_001421945	Devosiaceae
GCF_001421965	Sphingomonadaceae
GCF_001421995	Sphingomonadaceae
GCF_001422025	Xanthomonadaceae
GCF_001422045	Sphingomonadaceae
GCF_001422065	Burkholderiaceae
GCF_001422075	Pseudomonadaceae
GCF_001422105	Burkholderiaceae
GCF_001422125	Beijerinckiaceae
GCF_001422145	Microbacteriaceae
GCF_001422165	Beijerinckiaceae
GCF_001422185	Sphingomonadaceae
GCF_001422205	Microbacteriaceae
GCF_001422215	Beijerinckiaceae
GCF_001422245	Rhizobiaceae
GCF_001422285	Microbacteriaceae
GCF_001422325	Microbacteriaceae
GCF_001422345	Beijerinckiaceae
GCF_001422365	Burkholderiaceae
GCF_001422375	Beijerinckiaceae
GCF_001422405	Burkholderiaceae
GCF_001422425	Beijerinckiaceae
GCF_001422445	Burkholderiaceae
GCF_001422455	Caulobacteraceae
GCF_001422485	Microbacteriaceae
GCF_001422525	Sphingomonadaceae
GCF_001422545	Sphingobacteriaceae
GCF_001422575	Enterobacteriaceae
GCF_001422605	Enterobacteriaceae
GCF_001422615	Pseudomonadaceae
GCF_001422645	Micrococcaceae
GCF_001422665	Micrococcaceae
GCF_001422685	Paenibacillaceae
GCF_001422695	Microbacteriaceae
GCF_001422725	Flavobacteriaceae
GCF_001422735	Burkholderiaceae
GCF_001422765	Nocardioidaceae
GCF_001422775	Beijerinckiaceae
GCF_001422795	Beijerinckiaceae
GCF_001422815	Beijerinckiaceae
GCF_001422845	Beijerinckiaceae
GCF_001422865	Nocardioidaceae
GCF_001422885	Beijerinckiaceae
GCF_001422895	Beijerinckiaceae
GCF_001422925	Microbacteriaceae
GCF_001422955	Nocardioidaceae
GCF_001422985	Beijerinckiaceae
GCF_001423045	Microbacteriaceae
GCF_001423055	Microbacteriaceae
GCF_001423085	Beijerinckiaceae
GCF_001423105	Microbacteriaceae
GCF_001423125	Burkholderiaceae
GCF_001423135	Nocardioidaceae
GCF_001423155	Pseudomonadaceae
GCF_001423185	Microbacteriaceae
GCF_001423205	Moraxellaceae
GCF_001423215	Rhizobiaceae
GCF_001423245	Rhizobiaceae
GCF_001423265	Beijerinckiaceae
GCF_001423285	Beijerinckiaceae
GCF_001423295	Beijerinckiaceae
GCF_001423325	Beijerinckiaceae
GCF_001423335	Nocardioidaceae
GCF_001423365	Nocardioidaceae
GCF_001423405	Beijerinckiaceae
GCF_001423425	Rhizobiaceae
GCF_001423445	Rhizobiaceae
GCF_001423465	Pseudomonadaceae
GCF_001423485	Microbacteriaceae
GCF_001423495	Xanthomonadaceae
GCF_001423525	Micrococcaceae
GCF_001423545	Microbacteriaceae
GCF_001423565	Micrococcaceae
GCF_001423585	Xanthomonadaceae
GCF_001423615	Microbacteriaceae
GCF_001423645	Microbacteriaceae
GCF_001423665	Microbacteriaceae
GCF_001423685	Caulobacteraceae
GCF_001423695	Microbacteriaceae
GCF_001423745	Micrococcaceae
GCF_001423765	Sphingomonadaceae
GCF_001423785	Microbacteriaceae
GCF_001423805	Microbacteriaceae
GCF_001423825	Microbacteriaceae
GCF_001423845	Sphingomonadaceae
GCF_001423905	Microbacteriaceae
GCF_001423925	Exiguobacteraceae
GCF_001423945	Sphingobacteriaceae
GCF_001423965	Exiguobacteraceae
GCF_001423985	Flavobacteriaceae
GCF_001424005	Sphingomonadaceae
GCF_001424025	Caulobacteraceae
GCF_001424045	Rhizobiaceae
GCF_001424065	Rhizobiaceae
GCF_001424085	Rhizobiaceae
GCF_001424105	Weeksellaceae
GCF_001424125	Cellulomonadaceae
GCF_001424145	Weeksellaceae
GCF_001424165	Burkholderiaceae
GCF_001424185	Deinococcaceae
GCF_001424195	Cellulomonadaceae
GCF_001424225	Microbacteriaceae
GCF_001424245	Rhizobiaceae
GCF_001424265	Burkholderiaceae
GCF_001424285	Microbacteriaceae
GCF_001424305	Sphingobacteriaceae
GCF_001424325	Rhizobiaceae
GCF_001424365	Mycobacteriaceae
GCF_001424385	Microbacteriaceae
GCF_001424405	Spirosomaceae
GCF_001424425	Burkholderiaceae
GCF_001424445	Beijerinckiaceae
GCF_001424455	Geodermatophilaceae
GCF_001424485	Geodermatophilaceae
GCF_001424505	Rhizobiaceae
GCF_001424525	Beijerinckiaceae
GCF_001424545	Burkholderiaceae
GCF_001424565	Micrococcaceae
GCF_001424585	Weeksellaceae
GCF_001424595	Microbacteriaceae
GCF_001424605	Xanthobacteraceae
GCF_001424645	Microbacteriaceae
GCF_001424665	Methylophilaceae
GCF_001424685	Rhizobiaceae
GCF_001424705	Beijerinckiaceae
GCF_001424715	Microbacteriaceae
GCF_001424745	Beijerinckiaceae
GCF_001424755	Nocardioidaceae
GCF_001424785	Burkholderiaceae
GCF_001424795	Rhizobiaceae
GCF_001424825	Rhizobiaceae
GCF_001424835	Burkholderiaceae
GCF_001424865	Devosiaceae
GCF_001424875	Streptomycetaceae
GCF_001424905	Microbacteriaceae
GCF_001424925	Pseudomonadaceae
GCF_001424945	Rhizobiaceae
GCF_001424965	Rhizobiaceae
GCF_001424985	Rhizobiaceae
GCF_001425005	Burkholderiaceae
GCF_001425025	Nocardioidaceae
GCF_001425045	Burkholderiaceae
GCF_001425055	Burkholderiaceae
GCF_001425085	Microbacteriaceae
GCF_001425105	Pseudomonadaceae
GCF_001425125	Burkholderiaceae
GCF_001425145	Rhizobiaceae
GCF_001425165	Burkholderiaceae
GCF_001425175	Nocardioidaceae
GCF_001425205	Burkholderiaceae
GCF_001425225	Rhizobiaceae
GCF_001425235	Devosiaceae
GCF_001425265	Burkholderiaceae
GCF_001425285	Moraxellaceae
GCF_001425325	Microbacteriaceae
GCF_001425345	Rhizobiaceae
GCF_001425355	Weeksellaceae
GCF_001425405	Sphingomonadaceae
GCF_001425425	Methylophilaceae
GCF_001425445	Devosiaceae
GCF_001425465	Beijerinckiaceae
GCF_001425485	Rhizobiaceae
GCF_001425495	Methylophilaceae
GCF_001425525	Rhizobiaceae
GCF_001425545	Pseudomonadaceae
GCF_001425565	Beijerinckiaceae
GCF_001425575	Rhizobiaceae
GCF_001425605	Rhizobiaceae
GCF_001425625	Rhizobiaceae
GCF_001425645	Microbacteriaceae
GCF_001425665	Microbacteriaceae
GCF_001425685	Burkholderiaceae
GCF_001425705	Burkholderiaceae
GCF_001425725	Caulobacteraceae
GCF_001425745	Caulobacteraceae
GCF_001425755	Nocardioidaceae
GCF_001425785	Burkholderiaceae
GCF_001425805	Streptomycetaceae
GCF_001425825	Burkholderiaceae
GCF_001425835	Xanthobacteraceae
GCF_001425865	Burkholderiaceae
GCF_001425885	Rhizobiaceae
GCF_001425905	Burkholderiaceae
GCF_001425915	Caulobacteraceae
GCF_001425945	Caulobacteraceae
GCF_001425965	Cellulomonadaceae
GCF_001425985	Mycobacteriaceae
GCF_001426005	DSM-1321
GCF_001426025	Bacillaceae_H
GCF_001426045	Beijerinckiaceae
GCF_001426065	Mycobacteriaceae
GCF_001426085	Mycobacteriaceae
GCF_001426105	Bacillaceae_B
GCF_001426125	Bacillaceae
GCF_001426145	Mycobacteriaceae
GCF_001426165	Mycobacteriaceae
GCF_001426185	Mycobacteriaceae
GCF_001426195	Sphingomonadaceae
GCF_001426225	Beijerinckiaceae
GCF_001426245	Dermatophilaceae
GCF_001426255	Sphingomonadaceae
GCF_001426265	Rhizobiaceae
GCF_001426275	Rhizobiaceae
GCF_001426325	Streptomycetaceae
GCF_001426345	Devosiaceae
GCF_001426375	NBRC-103111
GCF_001426425	Streptomycetaceae
GCF_001426435	Angustibacteraceae
GCF_001426485	Nocardioidaceae
GCF_001426505	Burkholderiaceae
GCF_001426525	Burkholderiaceae
GCF_001426545	Mycobacteriaceae
GCF_001426565	Rhizobiaceae
GCF_001426585	Streptomycetaceae
GCF_001426595	Burkholderiaceae
GCF_001426615	Streptomycetaceae
GCF_001426645	Rhodanobacteraceae
GCF_001426665	Rhizobiaceae
GCF_001426705	Cellulomonadaceae
GCF_001426725	Cellulomonadaceae
GCF_001426745	Nocardioidaceae
GCF_001426755	Nocardioidaceae
GCF_001426785	Rhizobiaceae
GCF_001426825	Sphingomonadaceae
GCF_001426835	Microbacteriaceae
GCF_001426865	Paenibacillaceae
GCF_001426885	Burkholderiaceae
GCF_001426905	Caulobacteraceae
GCF_001426925	Microbacteriaceae
GCF_001426945	Xanthobacteraceae
GCF_001426965	Rhizobiaceae
GCF_001426985	Caulobacteraceae
GCF_001426995	Microbacteriaceae
GCF_001427025	Rhizobiaceae
GCF_001427045	Rhizobiaceae
GCF_001427065	Xanthomonadaceae
GCF_001427085	Sphingomonadaceae
GCF_001427105	Sphingomonadaceae
GCF_001427125	Pseudomonadaceae
GCF_001427145	Microbacteriaceae
GCF_001427165	Caulobacteraceae
GCF_001427185	Mycobacteriaceae
GCF_001427205	Rhizobiaceae
GCF_001427225	Xanthomonadaceae
GCF_001427245	Streptomycetaceae
GCF_001427265	Microbacteriaceae
GCF_001427285	Rhizobiaceae
GCF_001427305	Burkholderiaceae
GCF_001427325	Burkholderiaceae
GCF_001427345	Rhizobiaceae
GCF_001427365	Rhodanobacteraceae
GCF_001427385	Rhizobiaceae
GCF_001427405	Rhizobiaceae
GCF_001427425	Burkholderiaceae
GCF_001427445	Burkholderiaceae
GCF_001427465	Pseudomonadaceae
GCF_001427505	Xanthomonadaceae
GCF_001427525	Microbacteriaceae
GCF_001427545	Nocardioidaceae
GCF_001427565	Streptomycetaceae
GCF_001427585	Xanthomonadaceae
GCF_001427605	Devosiaceae
GCF_001427625	Rhizobiaceae
GCF_001427635	Xanthomonadaceae
GCF_001427665	Caulobacteraceae
GCF_001427705	Burkholderiaceae
GCF_001427715	Xanthomonadaceae
GCF_001427745	Streptomycetaceae
GCF_001427765	Pseudomonadaceae
GCF_001427785	Xanthomonadaceae
GCF_001427825	Caulobacteraceae
GCF_001427835	Rhodanobacteraceae
GCF_001427865	Sphingomonadaceae
GCF_001427875	Devosiaceae
GCF_001427905	Flavobacteriaceae
GCF_001427915	Dermatophilaceae
GCF_001427925	Nocardioidaceae
GCF_001428145	Burkholderiaceae
GCF_001428165	Burkholderiaceae
GCF_001428185	Rhizobiaceae
GCF_001428205	Rhizobiaceae
GCF_001428225	Burkholderiaceae
GCF_001428465	Rhodanobacteraceae
GCF_001428485	Microbacteriaceae
GCF_001428505	Dermatophilaceae
GCF_001428525	Flavobacteriaceae
GCF_001428545	Burkholderiaceae
GCF_001428565	Nocardioidaceae
GCF_001428585	Burkholderiaceae
GCF_001428605	Sphingomonadaceae
GCF_001428625	Burkholderiaceae
GCF_001428645	Burkholderiaceae
GCF_001428665	Burkholderiaceae
GCF_001428685	Xanthomonadaceae
GCF_001428705	Caulobacteraceae
GCF_001428725	Nocardioidaceae
GCF_001428745	Microbacteriaceae
GCF_001428765	Nocardioidaceae
GCF_001428785	Rhizobiaceae
GCF_001428805	Nocardioidaceae
GCF_001428825	Nocardioidaceae
GCF_001428845	Burkholderiaceae
GCF_001428865	Sphingomonadaceae
GCF_001428885	Streptomycetaceae
GCF_001428895	Mycobacteriaceae
GCF_001428925	Rhizobiaceae
GCF_001428945	Cellulomonadaceae
GCF_001428965	Burkholderiaceae
GCF_001428975	Microbacteriaceae
GCF_001429005	Rhizobiaceae
GCF_001429025	Caulobacteraceae
GCF_001429045	Pseudomonadaceae
GCF_001429065	Sphingomonadaceae
GCF_001429075	Rhizobiaceae
GCF_001429105	Sphingomonadaceae
GCF_001429125	Rhizobiaceae
GCF_001429135	Cellulomonadaceae
GCF_001429165	Microbacteriaceae
GCF_001429185	Dermatophilaceae
GCF_001429205	Pseudomonadaceae
GCF_001429215	Burkholderiaceae
GCF_001429245	Rhizobiaceae
GCF_001429285	Rhizobiaceae
GCF_001429295	Flavobacteriaceae
GCF_001429315	Xanthomonadaceae
GCF_001429345	Xanthomonadaceae
GCF_001429365	Bacillaceae_H
GCF_001429385	Bacillaceae_H
GCF_001429395	Beijerinckiaceae
GCF_001429415	Beijerinckiaceae
GCF_001429445	Bacillaceae
GCF_001429465	Bacillaceae_G
GCF_001429475	Bacillaceae_G
GCF_001429505	Beijerinckiaceae
GCF_001429725	Rhizobiaceae
GCF_001429745	Rhizobiaceae
GCF_001429765	Flavobacteriaceae
GCF_001429785	Xanthomonadaceae
GCF_001429805	Streptomycetaceae
GCF_001436605	Lactobacillaceae
GCF_001465365	Staphylococcaceae
GCF_001465375	Staphylococcaceae
GCF_001465385	Staphylococcaceae
GCF_001465395	Staphylococcaceae
GCF_001518465	Pseudomonadaceae
GCF_001518695	Pseudomonadaceae
GCF_001526805	Burkholderiaceae
GCF_001528005	Burkholderiaceae
GCF_001529625	Burkholderiaceae
GCF_001530945	Burkholderiaceae
GCF_001530965	Burkholderiaceae
GCF_001530985	Burkholderiaceae
GCF_001531005	Burkholderiaceae
GCF_001531385	Burkholderiaceae
GCF_001535725	Pseudomonadaceae
GCF_001535735	Pseudomonadaceae
GCF_001535755	Pseudomonadaceae
GCF_001535785	Pseudomonadaceae
GCF_001535805	Pseudomonadaceae
GCF_001535815	Pseudomonadaceae
GCF_001535855	Pseudomonadaceae
GCF_001535875	Pseudomonadaceae
GCF_001535905	Pseudomonadaceae
GCF_001535915	Pseudomonadaceae
GCF_001535945	Pseudomonadaceae
GCF_001537945	Pseudomonadaceae
GCF_001537955	Pseudomonadaceae
GCF_001537985	Pseudomonadaceae
GCF_001538055	Pseudomonadaceae
GCF_001538085	Pseudomonadaceae
GCF_001538095	Pseudomonadaceae
GCF_001538145	Pseudomonadaceae
GCF_001538155	Pseudomonadaceae
GCF_001538185	Pseudomonadaceae
GCF_001538205	Pseudomonadaceae
GCF_001538245	Pseudomonadaceae
GCF_001539165	Burkholderiaceae
GCF_001541845	Pseudomonadaceae
GCF_001547995	Acetobacteraceae
GCF_001549735	Xanthomonadaceae
GCF_001549745	Xanthomonadaceae
GCF_001549755	Xanthomonadaceae
GCF_001549765	Xanthomonadaceae
GCF_001549815	Xanthomonadaceae
GCF_001549825	Xanthomonadaceae
GCF_001630695	Pseudomonadaceae
GCF_001634385	Microbacteriaceae
GCF_001644805	Burkholderiaceae
GCF_001653715	Beijerinckiaceae
GCF_001655595	Pseudomonadaceae
GCF_001655615	Pseudomonadaceae
GCF_001658025	Enterobacteriaceae
GCF_001675835	Enterobacteriaceae
GCF_001680695	Paenibacillaceae
GCF_001691345	Xanthomonadaceae
GCF_001691735	Bacillaceae
GCF_001692155	Rhizobiaceae
GCF_001692185	Rhizobiaceae
GCF_001692195	Rhizobiaceae
GCF_001692215	Rhizobiaceae
GCF_001692245	Rhizobiaceae
GCF_001692265	Rhizobiaceae
GCF_001692275	Rhizobiaceae
GCF_001692285	Rhizobiaceae
GCF_001692325	Rhizobiaceae
GCF_001692345	Rhizobiaceae
GCF_001692365	Rhizobiaceae
GCF_001692375	Enterobacteriaceae
GCF_001692405	Rhizobiaceae
GCF_001692425	Rhizobiaceae
GCF_001693415	Flavobacteriaceae
GCF_001705175	Flavobacteriaceae
GCF_001705305	Paenibacillaceae
GCF_001708125	Jiangellaceae
GCF_001708285	Microbacteriaceae
GCF_001722485	Cellulomonadaceae
GCF_001730295	Enterococcaceae
GCF_001746595	Xanthomonadaceae
GCF_001746635	Xanthomonadaceae
GCF_001746655	Xanthomonadaceae
GCF_001746695	Xanthomonadaceae
GCF_001746715	Xanthomonadaceae
GCF_001746735	Xanthomonadaceae
GCF_001750215	Cellulomonadaceae
GCF_001832885	Streptococcaceae
GCF_001832905	Streptococcaceae
GCF_001839655	Pseudomonadaceae
GCF_001866375	Acholeplasmataceae
GCF_001876385	Staphylococcaceae
GCF_001876395	Staphylococcaceae
GCF_001876405	Staphylococcaceae
GCF_001876445	Staphylococcaceae
GCF_001876465	Staphylococcaceae
GCF_001876475	Staphylococcaceae
GCF_001876485	Bacillaceae
GCF_001876515	Bacillaceae
GCF_001876545	Bacillaceae
GCF_001876555	Bacillaceae
GCF_001876575	Bacillaceae
GCF_001876585	Staphylococcaceae
GCF_001876625	Staphylococcaceae
GCF_001876645	Bacillaceae
GCF_001876655	Bacillaceae
GCF_001876705	Staphylococcaceae
GCF_001876725	Staphylococcaceae
GCF_001876735	Staphylococcaceae
GCF_001876755	Staphylococcaceae
GCF_001876785	Staphylococcaceae
GCF_001876805	Staphylococcaceae
GCF_001889265	Microbacteriaceae
GCF_001906615	Pseudomonadaceae
GCF_001906625	Pseudomonadaceae
GCF_001917365	Moraxellaceae
GCF_001936575	Flavobacteriaceae
GCF_001939045	Rhizobiaceae
GCF_001939965	Xanthomonadaceae
GCF_001939985	Xanthomonadaceae
GCF_003471415	Bifidobacteriaceae
GCF_004166555	Staphylococcaceae
GCF_010147275	Staphylococcaceae
GCF_012226065	Bacillaceae
GCF_013449605	Enterobacteriaceae
GCF_014075475	Enterobacteriaceae
GCF_016876135	Acholeplasmataceae
GCF_017599005	Streptococcaceae
GCF_018274325	Acholeplasmataceae
GCF_019434315	Xanthomonadaceae
GCF_019434355	Xanthomonadaceae
GCF_019781225	Mycobacteriaceae
GCF_019781665	Mycobacteriaceae
GCF_019781985	Mycobacteriaceae
GCF_019782585	Mycobacteriaceae
GCF_019783255	Mycobacteriaceae
GCF_019783345	Mycobacteriaceae
GCF_019783445	Mycobacteriaceae
GCF_019783465	Mycobacteriaceae
GCF_019783485	Mycobacteriaceae
GCF_019783545	Mycobacteriaceae
GCF_019783805	Mycobacteriaceae
GCF_019784205	Mycobacteriaceae
GCF_024205925	Staphylococcaceae
GCF_900149295	Vibrionaceae
GCF_900164545	Peptostreptococcaceae
GCF_902829415	Burkholderiaceae
Leaf177	Burkholderiaceae
Leaf182	Brevibacillaceae
Leaf26	Sphingomonadaceae
R102	Enterobacteriaceae
R103	Sphingomonadaceae
R104	Pseudomonadaceae
R109	Micrococcaceae
R121	Weeksellaceae
R139	Aeromonadaceae
R143_genome_NEW	Cellulomonadaceae
R147	Aeromonadaceae
R151	Micrococcaceae
R155	Flavobacteriaceae
R19	Pseudomonadaceae
R30	Enterobacteriaceae
R42	Planococcaceae
R93	Enterobacteriaceae
Ri17	Aeromonadaceae
Ri1_genome	Enterobacteriaceae
Ri21	DSM-18226
Ri29	Sphingobacteriaceae
Ri32	Sphingobacteriaceae
Ri55	Burkholderiaceae
Ri56	Aeromonadaceae
Ri8	Weeksellaceae
S13	Xanthomonadaceae
S15	Burkholderiaceae
S19	Pseudomonadaceae
S23	Sphingobacteriaceae
S25	Sphingobacteriaceae
S26	Pseudomonadaceae
S27	Enterobacteriaceae
S29	Aeromonadaceae
S37	Xanthomonadaceae
S39	Aeromonadaceae
S52	Aeromonadaceae
S55	Enterobacteriaceae
S6	Paenibacillaceae
S64	Exiguobacteraceae
S65	Cellulomonadaceae
S7	Enterobacteriaceae
S71	Nocardioidaceae
S72	Burkholderiaceae
Si1	Sphingobacteriaceae
